predicted_oil_yield,Temperature 1,Temperature 2,Temperature 3,Temperature 4,Temperature 5,Temperature 6,Temperature 7,Temperature 8,Pressure H2,Pressure outlet,Pressure inlet,Flowrate H2,Flowrate N2,Flowrate Feed,Mass Oil tank,Mass water tank,Product flow,timestamp
1.02e-25,298.09,6.5825,1.137,100,0.0001,1.1045,0.6,0,14.633,8,22,30,62613,-0.049975,58501,1,0,04/01/2025 06:00:20 AM
0.00096956,298.04,6.5002,0.15862,100,0.0001,168.15,0.6,0,11.835,15,30,42,63126,0.93728,58691,12,0,04/01/2025 06:00:21 AM
0.00091668,298.03,6.4661,0.017054,100,0.0001,226.68,0.7,0,9.8146,150,35,55,65486,1.6293,60408,24,0,04/01/2025 06:00:22 AM
1.2134,298.0,6.5124,0.002671,100,0.0001,147.14,0.9,0,12.538,43,35,55,66677,0.98151,61096,36,0,04/01/2025 06:00:23 AM
3.299,298.04,6.4924,0.0022198,100,0.0001,139.2,1.1,0,12.947,57,35,60,68070,1.1516,61944,48,0,04/01/2025 06:00:24 AM
5.4925,297.96,6.4919,0.0016796,100,0.11391,2.1596,1.1,0,14.785,72,34,60,74866,0.95394,68165,60,500,04/01/2025 06:00:25 AM
7.5105,298.0,6.5079,0.0017874,100,0.0001,9.7984,1.1,0,15.491,84,31,60,83005,1.2414,75700,72,500,04/01/2025 06:00:26 AM
9.7403,297.98,6.4802,0.0011453,100,0.0001,55.479,1.1,0,14.883,90,23,60,87750,1.548,79821,84,100,04/01/2025 06:00:27 AM
11.97,297.99,6.508,0.0011866,100,0.0001,53.829,1.1,0,14.413,90,23,75,90939,1.6222,82436,96,100,04/01/2025 06:00:28 AM
14.245,298.0,6.5033,0.0012397,100,0.0001,56.331,1.0,0,12.641,90,23,75,86075,1.7175,77913,108,100,04/01/2025 06:00:29 AM
16.433,298.03,6.4984,0.0011781,100,0.0001,49.507,1.0,0,12.124,90,23,75,89282,1.7401,80504,120,100,04/01/2025 06:00:30 AM
18.641,298.01,6.5347,0.0012947,100,0.0001,44.117,1.0,-4000,11.421,90,23,75,84422,1.7149,75985,132,100,04/01/2025 06:00:31 AM
20.854,298.0,6.4871,0.0011816,100,0.0001,19.111,1.0,0,11.188,90,23,75,87722,1.7195,78617,144,100,04/01/2025 06:00:32 AM
23.217,297.99,6.5114,0.0015369,100,0.0001,64.533,0.9,0,9.4323,90,23,75,82773,1.7033,73978,156,0,04/01/2025 06:00:33 AM
24.291,298.17,6.5057,0.00092297,100,129.93,16.814,0.9,0,12.024,80,23,75,88326,1.1075,78830,168,400,04/01/2025 06:00:34 AM
25.815,297.94,6.4916,0.0013627,100,38.692,5.0667,0.9,0,10.839,80,23,75,84662,1.422,75549,180,150,04/01/2025 06:00:35 AM
27.457,297.97,6.4484,0.0016286,100,4.6952,32.053,0.9,-4000,10.812,80,23,75,80706,1.3134,72020,192,150,04/01/2025 06:00:36 AM
28.672,297.96,6.5048,0.0015736,100,1.1614,58.527,0.9,0,11.489,80,23,65,85877,1.3181,76551,204,250,04/01/2025 06:00:37 AM
29.266,297.97,6.5089,0.0016149,100,10.395,69.493,0.9,0,11.566,80,23,65,83437,1.2635,74549,216,250,04/01/2025 06:00:38 AM
29.386,297.87,6.47,0.0014739,100,1.2727,42.875,0.9,0,12.179,80,23,65,88181,1.2763,78799,226,250,04/01/2025 06:00:39 AM
0.001,297.99,6.5376,1.3849,100,3.8931,38.277,0.6,0,14.605,8,22,30,62293,-0.041518,58214,1,0,04/01/2025 06:00:40 AM
0.00096809,298.27,6.49,0.31244,100,0.0001,267.59,0.6,0,11.485,15,30,42,62903,1.0599,58498,12,0,04/01/2025 06:00:41 AM
0.00090287,299.53,6.3685,0.018414,100,52.012,817.92,0.7,0,9.1854,150,35,55,66071,1.875,60977,24,0,04/01/2025 06:00:42 AM
1.6167,298.0,6.4844,0.0024366,100,0.0001,139.81,0.9,0,12.263,43,35,55,68176,1.2041,62566,36,0,04/01/2025 06:00:43 AM
3.9313,298.13,6.5063,0.002267,100,0.015229,158.23,1.1,0,12.603,57,35,60,70143,1.3538,63956,48,0,04/01/2025 06:00:44 AM
6.4457,297.98,6.4998,0.0021338,100,0.0001,19.036,1.1,0,14.149,72,34,60,77558,1.3129,70749,60,500,04/01/2025 06:00:45 AM
8.8856,298.0,6.5071,0.0017416,100,0.0001,8.3193,1.1,0,14.971,84,31,60,85996,1.6112,78539,72,500,04/01/2025 06:00:46 AM
11.688,298.01,6.4829,0.0013604,100,0.0001,163.3,1.1,0,14.095,90,23,60,90851,1.9977,82702,84,100,04/01/2025 06:00:47 AM
14.553,297.94,6.5037,0.00099738,100,0.0001,184.52,1.1,0,14.171,90,23,75,94267,1.8693,85475,96,100,04/01/2025 06:00:48 AM
17.033,298.01,6.5051,0.00095524,100,0.0001,63.398,1.0,0,12.822,90,23,75,89531,1.6985,81113,108,100,04/01/2025 06:00:49 AM
19.473,297.97,6.5006,0.00086184,100,0.0001,0.0001,1.0,0,12.311,90,23,75,92954,1.9163,83934,120,100,04/01/2025 06:00:50 AM
21.685,297.94,6.4883,0.00082613,100,1.3745,4.4428,1.0,-4000,12.08,90,23,75,88228,1.7498,79618,132,100,04/01/2025 06:00:51 AM
23.408,297.93,6.5087,0.00058767,100,0.98018,38.488,1.0,0,12.345,90,23,75,91492,1.6769,82316,144,100,04/01/2025 06:00:52 AM
24.684,297.98,6.5482,0.00067694,100,6.4953,42.011,0.9,0,11.019,90,23,75,86045,1.5525,77358,156,0,04/01/2025 06:00:53 AM
25.659,298.09,6.5069,0.0007361,100,108.35,13.377,0.9,0,12.836,80,23,75,91144,1.2553,81942,168,400,04/01/2025 06:00:54 AM
26.939,297.96,6.4976,0.0011302,100,65.819,0.76624,0.9,0,12.111,80,23,75,87173,1.2245,78512,180,150,04/01/2025 06:00:55 AM
28.195,297.92,6.5214,0.0012175,100,5.9875,35.278,0.9,-4000,12.183,80,23,75,82580,1.0562,74480,192,150,04/01/2025 06:00:56 AM
29.335,297.87,6.5049,0.0014734,100,0.96684,31.529,0.9,0,12.286,80,23,65,86352,1.1515,77756,204,250,04/01/2025 06:00:57 AM
29.961,298.1,6.5007,0.0016309,100,102.16,12.223,0.9,0,12.613,80,23,65,82935,0.95093,74858,216,250,04/01/2025 06:00:58 AM
30.333,297.89,6.5,0.0018599,100,6.1435,32.314,0.9,0,12.719,80,23,65,87688,1.0058,79049,228,250,04/01/2025 06:00:59 AM
30.392,297.85,6.504,0.001862,100,0.0001,1.8578,0.9,0,12.713,80,23,65,88468,1.0334,79730,230,250,04/01/2025 06:01:00 AM
0.001,298.13,6.5935,0.98368,100,12.914,149.49,0.6,0,14.376,8,22,30,62242,-0.017124,57633,1,0,04/01/2025 06:01:01 AM
0.00096804,297.98,6.5109,0.010103,100,0.0001,90.859,0.6,0,12.157,15,30,42,62778,0.52353,57845,12,0,04/01/2025 06:01:02 AM
0.00091284,298.07,6.4029,0.01679,100,0.0001,311.52,0.7,0,6.3812,150,35,55,65363,1.9798,59722,24,0,04/01/2025 06:01:03 AM
1.6179,298.0,6.4739,0.0023999,100,0.0001,77.13,0.9,0,10.215,43,35,55,66943,1.1402,60772,36,0,04/01/2025 06:01:04 AM
4.0049,297.98,6.4814,0.0021169,100,0.0001,74.566,1.1,0,9.8489,57,35,60,68897,1.3837,62109,48,0,04/01/2025 06:01:05 AM
6.6502,297.98,6.4952,0.0017399,100,0.0001,19.143,1.1,0,12.0,72,34,60,76045,1.2431,68588,60,500,04/01/2025 06:01:06 AM
9.0988,297.98,6.5051,0.0015522,100,0.0001,9.3971,1.1,0,13.225,84,31,60,84470,1.4708,76319,72,500,04/01/2025 06:01:07 AM
11.725,297.99,6.5015,0.0010359,100,0.0001,54.454,1.1,0,11.941,90,23,60,89497,2.0287,80629,84,100,04/01/2025 06:01:08 AM
14.114,297.98,6.4964,0.00087778,100,0.0001,11.437,1.1,0,11.849,90,23,75,93201,2.1178,83713,96,100,04/01/2025 06:01:09 AM
16.324,298.0,6.4929,0.00096469,100,0.0001,2.0108,1.0,0,10.231,90,23,75,89080,1.983,79970,108,100,04/01/2025 06:01:10 AM
18.513,297.97,6.5218,0.00079474,100,2.9903,17.878,1.0,0,9.9004,90,23,75,93123,1.9979,83402,120,100,04/01/2025 06:01:11 AM
20.375,297.95,6.4964,0.00084354,100,20.419,2.5039,1.0,-4000,9.5333,90,23,75,88327,1.7473,79035,132,100,04/01/2025 06:01:12 AM
22.138,298.08,6.4998,0.00060935,100,100.92,11.563,1.0,0,9.6553,90,23,75,91553,1.7086,81677,144,100,04/01/2025 06:01:13 AM
23.953,297.92,6.5099,0.00089422,100,3.4997,20.735,0.9,0,8.0208,90,23,75,86219,1.7496,76751,156,0,04/01/2025 06:01:14 AM
25.152,298.04,6.4876,0.0010573,100,106.15,9.1351,0.9,0,10.617,80,23,75,91605,1.1582,81556,168,400,04/01/2025 06:01:15 AM
26.531,297.86,6.5084,0.0011595,100,7.1778,41.059,0.9,0,9.6061,80,23,75,87992,1.326,78424,180,150,04/01/2025 06:01:16 AM
27.885,297.84,6.491,0.0012987,100,1.2404,36.717,0.9,-4000,9.6116,80,23,75,83663,1.2091,74601,192,150,04/01/2025 06:01:17 AM
26.518,298.1,6.5048,7.1545,100,135.3,39.11,0.9,0,11.475,80,23,65,87222,0.92815,77620,204,250,04/01/2025 06:01:18 AM
24.506,297.84,6.509,14.808,100,8.4758,44.351,0.9,0,11.929,80,23,65,83439,0.78122,74331,216,250,04/01/2025 06:01:19 AM
22.621,297.86,6.4974,21.624,100,7.827,37.123,0.9,0,12.219,80,23,65,87656,0.91104,78048,228,250,04/01/2025 06:01:20 AM
20.874,297.8,6.4913,28.467,100,9.8877,66.252,0.9,0,12.6,80,23,65,83856,0.85478,74746,240,250,04/01/2025 06:01:21 AM
19.354,297.91,6.6987,35.989,100,1.6593,75.585,0.9,-4000,11.758,80,23,60,79577,0.9732,70911,252,0,04/01/2025 06:01:22 AM
18.577,298.03,6.4971,45.736,100,105.92,31.492,0.9,0,11.613,80,23,60,80840,0.80563,71632,264,0,04/01/2025 06:01:23 AM
17.684,297.82,6.5161,55.056,100,3.1149,123.0,0.9,0,12.018,80,23,60,74711,0.58039,65934,276,100,04/01/2025 06:01:24 AM
17.503,298.99,6.5137,56.757,100,444.28,63.639,0.9,0,12.106,80,23,60,75143,0.55138,66272,278,100,04/01/2025 06:01:25 AM
0.001,298.02,6.5771,1.16,100,7.2748,77.047,0.6,0,14.525,8,22,30,62036,-0.050059,58001,1,0,04/01/2025 06:01:26 AM
0.00096817,298.81,6.5665,0.0088033,100,252.02,60.834,0.6,0,12.407,15,30,42,62623,0.52906,58264,12,0,04/01/2025 06:01:27 AM
0.00091108,298.04,6.4325,0.016154,100,0.0001,256.76,0.7,0,7.601,150,35,55,65314,1.8591,60273,24,0,04/01/2025 06:01:28 AM
1.5615,297.99,6.4979,0.0024103,100,0.0001,72.261,0.9,0,11.096,43,35,55,66728,1.0505,61177,36,0,04/01/2025 06:01:29 AM
3.8017,297.97,6.5068,0.002196,100,0.0001,88.509,1.1,0,11.074,57,35,60,68636,1.2587,62513,48,0,04/01/2025 06:01:30 AM
6.1624,297.95,6.4995,0.0017223,100,0.10449,0.57142,1.1,0,13.427,72,34,60,75772,1.0322,69058,60,500,04/01/2025 06:01:31 AM
8.39,297.95,6.498,0.0017018,100,0.012832,0.0001,1.1,0,14.41,84,31,60,84009,1.2845,76689,72,500,04/01/2025 06:01:32 AM
10.78,298.01,6.507,0.0010249,100,0.003256,28.121,1.1,0,13.653,90,23,60,89435,1.6319,81468,84,100,04/01/2025 06:01:33 AM
12.954,298.0,6.5117,0.00095827,100,0.0001,9.8901,1.1,0,13.444,90,23,75,92762,1.5738,84248,96,100,04/01/2025 06:01:34 AM
15.149,298.01,6.4909,0.0011247,100,0.0001,18.012,1.0,0,11.849,90,23,75,88148,1.4355,80017,108,100,04/01/2025 06:01:35 AM
17.325,297.94,6.5025,0.0007507,100,0.029861,1.0937,1.0,0,11.643,90,23,75,91358,1.4371,82664,120,100,04/01/2025 06:01:36 AM
19.299,297.94,6.5083,0.00086996,100,1.3415,4.1201,1.0,-4000,11.075,90,23,75,86369,1.4446,78104,132,100,04/01/2025 06:01:37 AM
21.182,298.0,6.4889,0.00064254,100,54.868,4.631,1.0,0,11.111,90,23,75,89331,1.4307,80495,144,100,04/01/2025 06:01:38 AM
22.868,298.01,6.4833,0.00073217,100,4.7603,34.045,0.9,0,9.6254,90,23,75,83620,1.3571,75236,156,0,04/01/2025 06:01:39 AM
22.353,297.93,6.5127,4.3473,100,8.5989,57.289,0.9,0,13.14,80,23,75,88260,0.56311,79356,168,400,04/01/2025 06:01:40 AM
20.777,297.92,6.5107,11.458,100,10.133,75.879,0.9,0,12.272,80,23,75,83814,0.78499,75401,180,150,04/01/2025 06:01:41 AM
19.482,297.88,6.6755,19.087,100,1.1085,40.135,0.9,-4000,12.506,80,23,75,78895,0.53492,70929,192,150,04/01/2025 06:01:42 AM
18.153,298.03,6.5085,27.02,100,15.216,120.01,0.9,0,12.881,80,23,65,82386,0.52389,73885,204,250,04/01/2025 06:01:43 AM
16.727,298.07,6.4851,34.885,100,103.64,25.827,0.9,0,13.32,80,23,65,78650,0.3666,70557,216,250,04/01/2025 06:01:44 AM
15.396,297.91,6.4958,41.952,100,1.8036,85.582,0.9,0,13.81,80,23,65,82928,0.24644,74307,228,250,04/01/2025 06:01:45 AM
15.189,297.92,6.4961,42.947,100,1.6785,75.728,0.9,0,13.855,80,23,65,83636,0.26071,74932,230,250,04/01/2025 06:01:46 AM
0.001,297.98,6.5234,1.3535,100,4.1205,41.773,0.6,0,14.578,8,22,30,61831,-0.053858,57166,1,0,04/01/2025 06:01:47 AM
0.00096786,298.18,6.4813,0.81947,100,0.0001,216.46,0.6,0,11.36,15,30,42,62447,1.0039,57458,12,0,04/01/2025 06:01:48 AM
0.00090721,297.97,6.4296,0.016732,100,0.0001,288.92,0.7,0,8.8033,150,35,55,65352,1.8366,59685,24,0,04/01/2025 06:01:49 AM
1.4959,298.04,6.5102,0.0028353,100,0.0001,111.19,0.9,0,11.6,43,35,55,66737,1.2549,60555,36,0,04/01/2025 06:01:50 AM
3.5304,298.02,6.5083,0.0027411,100,0.0001,190.53,1.1,0,11.583,57,35,60,68437,1.4317,61660,48,0,04/01/2025 06:01:51 AM
5.7375,297.96,6.5054,0.0021941,100,0.0001,37.46,1.1,0,13.293,72,34,60,75689,1.325,68243,60,500,04/01/2025 06:01:52 AM
8.3223,298.0,6.4977,0.0018072,100,0.0001,13.22,1.1,0,14.473,84,31,60,83964,1.4514,75835,72,500,04/01/2025 06:01:53 AM
11.189,297.99,6.4745,0.0011158,100,0.0001,38.161,1.1,0,13.649,90,23,60,88841,1.8405,80016,84,100,04/01/2025 06:01:54 AM
13.738,297.99,6.5025,0.00085456,100,0.0001,10.803,1.1,0,13.639,90,23,75,92136,1.7544,82713,96,100,04/01/2025 06:01:55 AM
16.188,298.0,6.5175,0.001043,100,0.0001,27.966,1.0,0,11.805,90,23,75,87180,1.8221,78144,108,100,04/01/2025 06:01:56 AM
18.773,297.99,6.5068,0.00096005,100,0.0001,14.35,1.0,0,11.288,90,23,75,90413,1.9248,80745,120,100,04/01/2025 06:01:57 AM
21.208,297.95,6.514,0.00090984,100,0.0001,0.0001,1.0,-4000,10.915,90,23,75,85631,1.8331,76333,132,100,04/01/2025 06:01:58 AM
23.31,298.02,6.5033,0.00061227,100,68.417,5.8244,1.0,0,11.095,90,23,75,88994,1.7293,79068,144,100,04/01/2025 06:01:59 AM
24.92,297.91,6.5019,0.00054829,100,4.5977,28.152,0.9,0,9.7695,90,23,75,83595,1.6023,74123,156,0,04/01/2025 06:02:00 AM
26.228,297.89,6.4931,0.0011188,100,7.2657,30.212,0.9,0,11.657,80,23,75,88749,1.1765,78692,168,400,04/01/2025 06:02:01 AM
28.038,297.97,6.5126,0.0013307,100,14.905,111.67,0.9,0,10.702,80,23,75,84645,1.373,75094,179,150,04/01/2025 06:02:02 AM
0.001,298.11,6.4787,1.3221,100,14.062,158.14,0.6,0,14.59,8,22,30,61768,-0.060574,57512,1,0,04/01/2025 06:02:03 AM
0.00096841,298.2,6.4834,0.59219,100,0.0001,218.44,0.6,0,11.205,15,30,42,62363,1.0454,57775,12,0,04/01/2025 06:02:04 AM
0.00091001,298.05,6.3634,0.02133,100,0.0001,486.36,0.7,0,7.4467,150,35,55,65145,2.1771,59801,24,0,04/01/2025 06:02:05 AM
1.464,298.16,6.5035,0.0025049,100,0.017366,200.97,0.9,0,10.959,43,35,55,66562,1.3275,60665,36,0,04/01/2025 06:02:06 AM
3.8029,297.98,6.4985,0.0020753,100,0.0001,93.777,1.1,0,11.106,57,35,60,68145,1.4878,61641,48,0,04/01/2025 06:02:07 AM
6.2431,298.0,6.4967,0.0019022,100,0.0001,25.943,1.1,0,12.942,72,34,60,75179,1.3313,68026,60,500,04/01/2025 06:02:08 AM
8.5631,297.98,6.5037,0.0015876,100,0.0001,2.3357,1.1,0,14.152,84,31,60,83642,1.5127,75792,72,500,04/01/2025 06:02:09 AM
11.235,298.0,6.4991,0.0010604,100,0.0001,42.434,1.1,0,13.076,90,23,60,88809,1.9809,80244,84,100,04/01/2025 06:02:10 AM
12.314,297.98,6.4813,0.0008174,100,0.0001,26.755,1.1,0,12.77,90,23,75,92362,2.007,83155,96,100,04/01/2025 06:02:11 AM
14.732,297.99,6.4997,0.00092434,100,0.0001,17.46,1.0,0,11.186,90,23,75,87981,1.9556,79083,108,100,04/01/2025 06:02:12 AM
16.887,298.02,6.4892,0.0006884,100,39.029,3.8065,1.0,0,11.147,90,23,75,91764,1.8628,82229,120,100,04/01/2025 06:02:13 AM
18.766,297.93,6.455,0.00084692,100,0.26798,10.685,1.0,-4000,10.502,90,23,75,87560,1.8002,78401,132,100,04/01/2025 06:02:14 AM
20.456,297.95,6.5255,0.00053286,100,68.348,0.059071,1.0,0,11.115,90,23,75,91801,1.6982,82005,144,100,04/01/2025 06:02:15 AM
21.374,298.02,6.4931,2.6661,100,100.39,26.21,0.9,0,10.65,90,23,75,86480,1.3791,77119,156,0,04/01/2025 06:02:16 AM
19.746,298.23,6.4898,8.856,100,174.38,23.618,0.9,0,12.609,80,23,75,91111,1.0568,81234,168,400,04/01/2025 06:02:17 AM
18.359,298.1,6.4938,15.602,100,136.74,14.566,0.9,0,11.918,80,23,75,86753,1.1506,77352,180,150,04/01/2025 06:02:18 AM
17.188,298.11,6.7002,22.217,100,23.341,195.17,0.9,-4000,11.975,80,23,75,82004,1.0033,73061,192,150,04/01/2025 06:02:19 AM
16.019,298.25,6.4896,29.559,100,177.82,22.662,0.9,0,12.287,80,23,65,85564,0.99709,76079,204,250,04/01/2025 06:02:20 AM
14.778,297.91,6.4981,36.369,100,67.102,13.138,0.9,0,12.574,80,23,65,81850,0.9371,72786,216,250,04/01/2025 06:02:21 AM
13.619,297.98,6.5073,42.916,100,80.325,1.5218,0.9,0,12.886,80,23,65,86150,0.96358,76556,228,250,04/01/2025 06:02:22 AM
13.438,298.08,6.5064,43.936,100,17.919,141.67,0.9,0,12.972,80,23,65,86866,0.94434,77185,230,250,04/01/2025 06:02:23 AM
0.001,298.13,6.4743,1.1366,100,13.668,153.85,0.6,0,14.582,8,22,30,62678,-0.022333,58434,1,0,04/01/2025 06:02:24 AM
0.00096878,298.27,6.4654,0.01014,100,1.7971,245.56,0.6,0,12.968,15,30,42,63196,0.51092,58630,12,0,04/01/2025 06:02:25 AM
0.00091573,298.12,6.4212,0.017651,100,0.0001,325.1,0.7,0,9.2017,150,35,55,65650,1.8454,60389,24,0,04/01/2025 06:02:26 AM
1.8666,297.98,6.5086,0.0022598,100,0.0001,114.66,0.9,0,12.335,43,35,55,66885,1.0957,61097,36,0,04/01/2025 06:02:27 AM
4.634,298.01,6.4999,0.0021683,100,0.0001,113.85,1.1,0,12.609,57,35,60,68274,1.2881,61914,48,0,04/01/2025 06:02:28 AM
7.268,298.0,6.5049,0.0021259,100,0.0001,55.603,1.1,0,13.869,72,34,60,75242,1.2874,68234,60,500,04/01/2025 06:02:29 AM
9.9072,298.01,6.5082,0.0015813,100,20.67,3.1442,1.1,0,15.225,84,31,60,83698,1.32,75995,72,500,04/01/2025 06:02:30 AM
12.892,297.96,6.5064,0.0011936,100,0.0001,82.383,1.1,0,14.199,90,23,60,88807,1.8489,80377,84,100,04/01/2025 06:02:31 AM
15.676,298.0,6.5044,0.00099104,100,0.0001,33.674,1.1,0,14.079,90,23,75,92309,1.8309,83253,96,100,04/01/2025 06:02:32 AM
18.263,297.97,6.4978,0.00095662,100,0.0001,18.83,1.0,0,12.583,90,23,75,87700,1.8003,79007,108,100,04/01/2025 06:02:33 AM
20.64,297.99,6.5092,0.00092264,100,0.0001,1.3267,1.0,0,12.298,90,23,75,91232,1.8255,81922,120,100,04/01/2025 06:02:34 AM
22.684,297.93,6.4757,0.00087351,100,0.15873,0.60237,1.0,-4000,12.053,90,23,75,86686,1.6024,77793,132,100,04/01/2025 06:02:35 AM
24.585,298.03,6.485,0.0006959,100,10.001,69.332,1.0,0,12.275,90,23,75,90381,1.5314,80874,144,100,04/01/2025 06:02:36 AM
26.203,297.98,6.4789,0.00096998,100,39.832,6.4045,0.9,0,11.066,90,23,75,85828,1.3732,76739,156,0,04/01/2025 06:02:37 AM
27.043,297.92,6.0904,0.00084631,100,68.488,0.63307,0.9,0,13.458,80,23,75,93003,0.90754,83297,168,400,04/01/2025 06:02:38 AM
27.735,297.95,5.7985,0.0013615,100,67.216,0.059818,0.9,0,12.73,80,23,75,91193,1.0872,81980,180,150,04/01/2025 06:02:39 AM
28.581,298.13,5.786,0.0015661,100,115.74,14.555,0.9,-4000,12.782,80,23,75,88881,1.0898,80149,192,150,04/01/2025 06:02:40 AM
28.977,297.95,6.0208,0.0014174,100,62.542,0.0001,0.9,0,13.069,80,23,65,94937,1.1561,85654,204,250,04/01/2025 06:02:41 AM
29.234,298.1,6.4806,0.00166,100,108.05,13.457,0.9,0,12.904,80,23,65,92828,1.1836,84023,216,250,04/01/2025 06:02:42 AM
29.324,297.93,6.4971,0.0012807,100,63.093,0.0001,0.9,0,13.176,80,23,65,98120,1.2625,88791,228,250,04/01/2025 06:02:43 AM
29.397,297.95,6.4767,0.0016498,100,63.373,0.0001,0.9,-4000,13.039,80,23,65,91672,1.2411,83208,232,250,04/01/2025 06:02:44 AM
0.001,298.06,6.4766,1.3211,100,10.19,113.16,0.6,0,14.494,8,22,30,62706,-0.017541,58720,1,0,04/01/2025 06:02:45 AM
0.00096918,297.95,6.4841,0.0081913,100,0.0017247,109.47,0.6,0,12.546,15,30,42,63218,0.52714,58909,12,0,04/01/2025 06:02:46 AM
0.00093036,297.97,6.452,0.013876,100,0.0001,301.36,0.7,0,8.2509,150,35,55,65557,1.8004,60584,24,0,04/01/2025 06:02:47 AM
1.7378,297.98,6.4938,0.002233,100,0.0001,92.167,0.9,0,11.387,43,35,55,66813,1.0715,61322,36,0,04/01/2025 06:02:48 AM
4.1932,297.96,6.5026,0.0023884,100,0.0001,160.56,1.1,0,10.95,57,35,60,68446,1.3483,62363,48,0,04/01/2025 06:02:49 AM
6.7716,298.0,6.4939,0.0018871,100,0.0001,77.39,1.1,0,12.907,72,34,60,75593,1.2395,68846,60,500,04/01/2025 06:02:50 AM
9.2761,297.97,6.5111,0.0015542,100,0.0001,5.5368,1.1,0,14.202,84,31,60,84215,1.4235,76784,72,500,04/01/2025 06:02:51 AM
12.161,297.99,6.4956,0.0012005,100,0.0001,94.472,1.1,0,12.94,90,23,60,89560,1.9097,81393,84,100,04/01/2025 06:02:52 AM
15.099,297.99,6.4976,0.0011472,100,0.0001,51.406,1.1,0,12.299,90,23,75,93103,2.0804,84245,96,100,04/01/2025 06:02:53 AM
18.018,297.99,6.5035,0.00098597,100,0.0001,28.83,1.0,0,10.687,90,23,75,88647,2.1229,80090,108,100,04/01/2025 06:02:54 AM
20.498,297.98,6.4927,0.00072921,100,0.0001,2.7621,1.0,0,10.527,90,23,75,92117,2.0544,82913,120,100,04/01/2025 06:02:55 AM
22.803,297.96,6.4945,0.00078327,100,0.0001,0.027883,1.0,-4000,9.963,90,23,75,87505,1.9372,78688,132,100,04/01/2025 06:02:56 AM
25.006,297.97,6.4989,0.00077013,100,0.36589,16.641,1.0,0,9.5928,90,23,75,90801,1.9643,81335,144,100,04/01/2025 06:02:57 AM
27.076,297.93,6.517,0.00053841,100,2.5496,10.405,0.9,0,8.5607,90,23,75,85361,1.7327,76307,156,0,04/01/2025 06:02:58 AM
27.964,297.94,6.5089,0.00072319,100,68.359,0.68002,0.9,0,10.981,80,23,75,90347,1.271,80720,168,400,04/01/2025 06:02:59 AM
29.592,298.01,6.5008,0.0010974,100,51.042,9.8548,0.9,0,9.8257,80,23,75,86390,1.4941,77269,180,150,04/01/2025 06:03:00 AM
31.53,297.91,6.5095,0.0016319,100,0.6826,21.227,0.9,-4000,9.5891,80,23,75,82067,1.4593,73428,192,150,04/01/2025 06:03:01 AM
33.137,297.94,6.4997,0.0014577,100,74.411,14.265,0.9,0,9.8842,80,23,65,86438,1.5338,77177,204,250,04/01/2025 06:03:02 AM
34.068,297.94,6.5037,0.0014277,100,66.085,11.075,0.9,0,10.301,80,23,65,83318,1.4258,74533,216,250,04/01/2025 06:03:03 AM
34.475,297.9,6.5051,0.0013193,100,2.1058,85.909,0.9,0,10.723,80,23,65,88164,1.4099,78789,228,250,04/01/2025 06:03:04 AM
34.502,298.06,6.4911,0.0013048,100,118.46,10.518,0.9,0,10.8,80,23,65,88953,1.4033,79484,230,250,04/01/2025 06:03:05 AM
0.001,298.0,6.4804,1.1778,100,5.4325,55.276,0.6,0,14.62,8,22,30,62250,-0.073504,57010,1,0,04/01/2025 06:03:06 AM
0.00096908,298.3,6.494,1.364,100,0.0001,341.9,0.6,0,11.981,15,30,42,62768,0.79089,57208,12,0,04/01/2025 06:03:07 AM
0.00091501,298.04,6.4625,0.017947,100,0.0001,412.76,0.7,0,9.3746,150,35,55,65140,1.718,58940,24,0,04/01/2025 06:03:08 AM
0.88097,298.24,6.4969,0.0028842,100,0.13687,190.82,0.9,0,11.867,43,35,55,66243,1.1566,59538,36,0,04/01/2025 06:03:09 AM
2.7097,298.03,6.5055,0.0025206,100,0.00011665,112.88,1.1,0,11.949,57,35,60,67617,1.3931,60356,48,0,04/01/2025 06:03:10 AM
4.7782,298.0,6.503,0.0020608,100,0.0001,22.766,1.1,0,13.787,72,34,60,74459,1.1645,66594,60,500,04/01/2025 06:03:11 AM
6.8327,297.99,6.4917,0.001855,100,0.0001,7.0863,1.1,0,14.716,84,31,60,82593,1.4521,74097,72,500,04/01/2025 06:03:12 AM
9.0236,297.98,6.4858,0.0011538,100,0.0001,34.927,1.1,0,13.991,90,23,60,87415,1.7637,78275,84,100,04/01/2025 06:03:13 AM
11.173,297.99,6.5061,0.00091873,100,0.0001,22.832,1.1,0,13.95,90,23,75,90520,1.6227,80825,96,100,04/01/2025 06:03:14 AM
13.244,297.99,6.5035,0.00089262,100,0.0001,0.022013,1.0,0,12.564,90,23,75,85470,1.5093,76193,108,100,04/01/2025 06:03:15 AM
15.098,297.87,6.549,0.31849,100,0.0001,0.058383,1.0,0,13.629,90,23,75,88416,1.1174,78617,120,100,04/01/2025 06:03:16 AM
14.258,297.87,6.6549,6.2961,100,0.0001,3.0023,1.0,-4000,13.515,90,23,75,82994,0.90139,73656,132,100,04/01/2025 06:03:17 AM
13.443,297.9,6.5003,13.243,100,1.3054,55.003,1.0,0,13.388,90,23,75,85602,0.92142,75751,144,100,04/01/2025 06:03:18 AM
12.766,297.92,6.5149,21.17,100,8.4933,64.585,0.9,0,12.074,90,23,75,79623,0.77153,70184,156,0,04/01/2025 06:03:19 AM
11.755,298.15,6.504,29.123,100,126.41,15.151,0.9,0,13.709,80,23,75,84215,0.50622,74208,168,400,04/01/2025 06:03:20 AM
10.888,297.88,6.4927,37.279,100,0.0001,2.379,0.9,0,12.996,80,23,75,79844,0.61915,70210,180,150,04/01/2025 06:03:21 AM
10.182,298.11,6.6397,45.705,100,105.77,10.77,0.9,-4000,12.974,80,23,75,74979,0.60135,65696,192,150,04/01/2025 06:03:22 AM
9.457,298.1,6.4975,54.225,100,94.467,21.571,0.9,0,13.185,80,23,65,78503,0.63344,68654,204,250,04/01/2025 06:03:23 AM
8.6812,297.97,6.5109,61.604,100,1.8974,113.25,0.9,0,13.621,80,23,65,74763,0.35816,65263,216,250,04/01/2025 06:03:24 AM
7.9579,297.83,6.5111,68.989,100,0.21782,64.923,0.9,0,13.886,80,23,65,79057,0.33791,68997,228,250,04/01/2025 06:03:25 AM
7.2896,297.87,6.4933,76.448,100,7.8215,58.344,0.9,0,14.186,80,23,65,75344,0.18758,65604,240,250,04/01/2025 06:03:26 AM
6.7142,298.31,6.6571,83.956,100,163.51,19.685,0.9,-4000,13.431,80,23,60,71135,0.37753,61705,252,0,04/01/2025 06:03:27 AM
0.001,298.1,6.6362,1.2238,100,12.391,136.35,0.6,0,14.65,8,22,30,61046,-0.046547,58433,1,0,04/01/2025 06:03:28 AM
0.00096786,298.46,6.545,0.0083142,100,154.74,38.247,0.6,0,13.074,15,30,42,61581,0.51157,58645,12,0,04/01/2025 06:03:29 AM
0.00091847,298.12,6.4045,0.01677,100,0.0001,373.98,0.7,0,9.0936,150,35,55,64024,2.0809,60391,24,0,04/01/2025 06:03:30 AM
1.5147,298.01,6.4891,0.0023787,100,0.0001,116.79,0.9,0,12.206,43,35,55,65334,1.2632,61166,36,0,04/01/2025 06:03:31 AM
3.836,297.97,6.5048,0.0020555,100,0.0001,95.259,1.1,0,12.418,57,35,60,66878,1.5688,62118,48,0,04/01/2025 06:03:32 AM
6.2721,298.0,6.5011,0.0019795,100,0.0001,33.919,1.1,0,13.725,72,34,60,73946,1.5263,68518,60,500,04/01/2025 06:03:33 AM
8.6942,297.99,6.4998,0.0015077,100,0.0001,7.6098,1.1,0,15.038,84,31,60,82171,1.5672,76051,72,500,04/01/2025 06:03:34 AM
11.287,298.02,6.4911,0.0010457,100,0.0001,70.339,1.1,0,14.229,90,23,60,86897,1.9759,80078,84,100,04/01/2025 06:03:35 AM
13.467,298.0,6.5027,0.00089138,100,0.0001,18.167,1.1,0,14.217,90,23,75,90111,1.8634,82709,96,100,04/01/2025 06:03:36 AM
15.693,298.01,6.4973,0.0010232,100,0.0001,26.332,1.0,0,12.545,90,23,75,85210,1.8256,78196,108,100,04/01/2025 06:03:37 AM
17.944,298.0,6.4947,0.00092386,100,0.0001,13.437,1.0,0,12.122,90,23,75,88439,1.954,80809,120,100,04/01/2025 06:03:38 AM
19.882,297.98,6.4779,0.0008706,100,16.974,2.1421,1.0,-4000,11.768,90,23,75,83784,1.9223,76559,132,100,04/01/2025 06:03:39 AM
21.738,298.06,6.5064,0.0006412,100,86.767,9.3726,1.0,0,11.889,90,23,75,87322,1.9104,79479,144,100,04/01/2025 06:03:40 AM
23.409,297.92,6.4965,0.00065863,100,0.77833,24.886,0.9,0,10.533,90,23,75,81999,1.7236,74576,156,0,04/01/2025 06:03:41 AM
22.844,297.85,6.5148,4.8503,100,8.0343,45.853,0.9,0,13.49,80,23,75,86760,0.90803,78757,168,400,04/01/2025 06:03:42 AM
21.228,298.29,6.5103,13.044,100,181.75,23.245,0.9,0,12.858,80,23,75,82376,0.93127,74827,180,150,04/01/2025 06:03:43 AM
19.897,297.82,6.6664,20.518,100,1.3239,45.68,0.9,-4000,12.941,80,23,75,77472,0.80843,70383,192,150,04/01/2025 06:03:44 AM
18.532,298.16,6.4971,28.125,100,135.5,14.108,0.9,0,13.166,80,23,65,80969,0.88973,73345,204,250,04/01/2025 06:03:45 AM
17.07,298.11,6.4857,34.896,100,111.99,26.465,0.9,0,13.544,80,23,65,77200,0.69152,70037,216,250,04/01/2025 06:03:46 AM
15.708,297.92,6.5088,40.958,100,1.5714,75.764,0.9,0,13.808,80,23,65,81436,0.73945,73781,228,250,04/01/2025 06:03:47 AM
15.495,297.92,6.5057,41.933,100,1.5668,71.197,0.9,0,13.84,80,23,65,82142,0.75533,74405,230,250,04/01/2025 06:03:48 AM
1.82e-24,298.01,6.4795,1.1124,100,3.9862,43.55,0.6,0,14.547,8,22,30,61795,-0.025104,57931,1,0,04/01/2025 06:03:49 AM
0.00097049,298.61,6.5299,0.01026,100,175.59,49.416,0.6,0,12.828,15,30,42,62340,0.4916,58154,12,0,04/01/2025 06:03:50 AM
0.00091437,298.1,6.3902,0.022066,100,0.0001,363.76,0.7,0,8.2367,150,35,55,64976,2.0683,60075,24,0,04/01/2025 06:03:51 AM
1.5322,297.96,6.505,0.002682,100,0.0001,107.04,0.9,0,11.647,43,35,55,66489,1.1598,61042,36,0,04/01/2025 06:03:52 AM
4.0577,298.02,6.497,0.0023528,100,0.0001,204.57,1.1,0,11.607,57,35,60,68319,1.452,62255,48,0,04/01/2025 06:03:53 AM
6.794,297.98,6.498,0.0019864,100,0.0001,31.504,1.1,0,13.233,72,34,60,75560,1.4251,68819,60,500,04/01/2025 06:03:54 AM
9.4672,297.94,6.5005,0.0014459,100,0.010197,0.0001,1.1,0,14.708,84,31,60,83960,1.4704,76543,72,500,04/01/2025 06:03:55 AM
12.31,298.06,6.5099,0.0010017,100,0.58795,64.746,1.1,0,13.859,90,23,60,88900,1.8744,80797,84,100,04/01/2025 06:03:56 AM
14.732,298.0,6.4891,0.00095971,100,0.0001,26.281,1.1,0,13.683,90,23,75,92329,1.8194,83648,96,100,04/01/2025 06:03:57 AM
17.34,297.99,6.4923,0.0010632,100,0.0001,17.513,1.0,0,12.075,90,23,75,87775,1.888,79457,108,100,04/01/2025 06:03:58 AM
19.872,298.0,6.5062,0.00097949,100,0.0001,3.8966,1.0,0,11.754,90,23,75,91322,1.7809,82372,120,100,04/01/2025 06:03:59 AM
22.235,297.97,6.5136,0.0010399,100,0.0001,0.0001,1.0,-4000,11.263,90,23,75,86514,1.7546,77952,132,100,04/01/2025 06:04:00 AM
24.617,297.96,6.504,0.00080845,100,25.163,3.8475,1.0,0,11.33,90,23,75,89669,1.6554,80461,144,100,04/01/2025 06:04:01 AM
26.755,297.94,6.4951,0.00081068,100,0.68284,28.146,0.9,0,9.9008,90,23,75,84138,1.6187,75346,156,0,04/01/2025 06:04:02 AM
28.445,297.92,6.4997,0.0011593,100,9.0909,60.048,0.9,0,11.995,80,23,75,89247,1.1233,79851,168,400,04/01/2025 06:04:03 AM
30.518,298.23,6.5073,0.0013731,100,151.96,19.125,0.9,0,11.059,80,23,75,85628,1.3657,76680,180,150,04/01/2025 06:04:04 AM
32.41,298.07,6.5209,0.0015238,100,91.541,9.4063,0.9,-4000,11.188,80,23,75,81325,1.1537,72866,192,150,04/01/2025 06:04:05 AM
33.518,297.93,6.5026,0.0012149,100,69.219,11.229,0.9,0,11.678,80,23,65,84587,1.0969,75673,202,250,04/01/2025 06:04:06 AM
0.001,298.09,6.5508,1.246,100,9.2311,104.95,0.6,0,14.584,8,22,30,62017,0.0082234,58281,1,0,04/01/2025 06:04:07 AM
0.00096796,298.01,6.4841,0.0083527,100,0.020993,166.17,0.6,0,13.222,15,30,42,62573,0.49799,58513,12,0,04/01/2025 06:04:08 AM
0.00091941,298.08,6.4161,0.014093,100,0.0001,337.4,0.7,0,9.8913,150,35,55,65026,1.9915,60251,24,0,04/01/2025 06:04:09 AM
1.7702,297.97,6.5063,0.0024253,100,0.0001,118.89,0.9,0,12.7,43,35,55,66156,1.1916,60846,36,0,04/01/2025 06:04:10 AM
4.3349,297.98,6.4988,0.0020293,100,0.0001,150.08,1.1,0,13.336,57,35,60,67497,1.2805,61593,48,0,04/01/2025 06:04:11 AM
7.0492,297.99,6.5015,0.0018694,100,0.0001,47.434,1.1,0,14.711,72,34,60,74336,1.1497,67787,60,500,04/01/2025 06:04:12 AM
9.5255,298.0,6.5059,0.0016188,100,0.0001,40.634,1.1,0,15.35,84,31,60,82380,1.5679,75147,72,500,04/01/2025 06:04:13 AM
12.265,298.27,6.5009,0.001145,100,0.0019912,243.04,1.1,0,14.644,90,23,60,87202,1.9391,79246,84,100,04/01/2025 06:04:14 AM
14.702,297.98,6.4946,0.00089325,100,0.0001,50.198,1.1,0,14.69,90,23,75,90355,1.7459,81783,96,100,04/01/2025 06:04:15 AM
16.853,297.97,6.4906,0.00082278,100,0.0001,14.389,1.0,0,13.323,90,23,75,85537,1.6799,77346,108,100,04/01/2025 06:04:16 AM
18.584,298.02,6.499,0.00055894,100,47.992,4.0203,1.0,0,13.453,90,23,75,88601,1.4232,79852,120,100,04/01/2025 06:04:17 AM
20.048,298.06,6.5291,0.00067734,100,63.653,6.0387,1.0,-4000,13.022,90,23,75,83506,1.3455,75242,132,100,04/01/2025 06:04:18 AM
21.627,298.13,6.5126,0.0005168,100,126.77,15.253,1.0,0,13.12,90,23,75,86447,1.3123,77628,144,100,04/01/2025 06:04:19 AM
23.078,297.95,6.4939,0.0008015,100,3.7164,26.555,0.9,0,11.548,90,23,75,80761,1.3212,72416,156,0,04/01/2025 06:04:20 AM
24.295,297.87,6.5007,0.00088261,100,1.2005,44.714,0.9,0,13.442,80,23,75,85664,0.76513,76768,168,400,04/01/2025 06:04:21 AM
25.858,297.91,6.4982,0.0015469,100,0.66078,26.364,0.9,0,12.209,80,23,75,81656,1.1958,73239,180,150,04/01/2025 06:04:22 AM
27.434,298.05,6.5317,0.0016072,100,67.259,6.8266,0.9,-4000,12.089,80,23,75,77175,1.1664,69217,192,150,04/01/2025 06:04:23 AM
28.645,297.91,6.4953,0.0013858,100,1.1956,53.203,0.9,0,12.436,80,23,65,81114,1.108,72578,204,250,04/01/2025 06:04:24 AM
29.424,297.87,6.4964,0.0015147,100,1.254,49.138,0.9,0,12.623,80,23,65,77880,1.0066,69816,216,250,04/01/2025 06:04:25 AM
30.039,298.25,6.5065,0.0012337,100,182.83,19.626,0.9,0,12.882,80,23,65,82608,1.1015,73958,228,250,04/01/2025 06:04:26 AM
30.087,297.89,6.502,0.0011924,100,14.009,95.829,0.9,0,12.989,80,23,65,83378,1.1009,74637,230,250,04/01/2025 06:04:27 AM
0.001,298.06,6.5737,1.2664,100,8.8715,96.926,0.6,0,14.64,8,22,30,61225,-0.049867,57881,1,0,04/01/2025 06:04:28 AM
0.00096877,298.32,6.4926,0.91299,100,0.0001,298.44,0.6,0,12.047,15,30,42,61766,0.92931,58095,12,0,04/01/2025 06:04:29 AM
0.00090731,298.08,6.3844,0.022199,100,0.0001,631.84,0.7,0,9.0627,150,35,55,64726,2.0876,60319,24,0,04/01/2025 06:04:30 AM
1.6474,298.01,6.5181,0.0026432,100,0.0001,124.59,0.9,0,12.41,43,35,55,66195,1.1576,61260,36,0,04/01/2025 06:04:31 AM
4.0956,297.98,6.5015,0.0024251,100,0.0001,184.1,1.1,0,12.667,57,35,60,67993,1.4373,62472,48,0,04/01/2025 06:04:32 AM
6.6732,297.98,6.4969,0.001995,100,0.0001,24.561,1.1,0,14.305,72,34,60,75089,1.2353,68914,60,500,04/01/2025 06:04:33 AM
9.1997,297.96,6.5062,0.0015794,100,0.0001,0.0001,1.1,0,15.408,84,31,60,83433,1.362,76595,72,500,04/01/2025 06:04:34 AM
11.96,297.98,6.4813,0.001122,100,0.0001,24.887,1.1,0,14.609,90,23,60,88403,1.7717,80867,84,100,04/01/2025 06:04:35 AM
14.661,297.99,6.4911,0.00089502,100,0.0001,10.158,1.1,0,14.598,90,23,75,91793,1.6755,83661,96,100,04/01/2025 06:04:36 AM
16.952,297.93,6.5087,0.00072247,100,2.1543,10.877,1.0,0,13.54,90,23,75,87031,1.4858,79325,108,100,04/01/2025 06:04:37 AM
18.969,297.9,6.4969,0.00062376,100,0.0001,1.6612,1.0,0,13.268,90,23,75,90189,1.5632,81950,120,100,04/01/2025 06:04:38 AM
20.712,297.93,6.491,0.00062113,100,42.219,6.1047,1.0,-4000,13.149,90,23,75,85137,1.3581,77381,132,100,04/01/2025 06:04:39 AM
22.22,297.91,6.4868,0.00049936,100,7.9269,50.511,1.0,0,13.414,90,23,75,88285,1.1871,80005,144,100,04/01/2025 06:04:40 AM
23.848,297.93,6.5165,0.0011828,100,3.172,19.047,0.9,0,11.638,90,23,75,82736,1.2542,74948,156,0,04/01/2025 06:04:41 AM
25.521,297.9,6.503,0.0016922,100,9.0894,59.351,0.9,0,13.317,80,23,75,87898,0.85685,79556,168,400,04/01/2025 06:04:42 AM
27.324,298.06,6.5005,0.0017863,100,91.359,9.434,0.9,0,12.518,80,23,75,84252,1.0664,76346,180,150,04/01/2025 06:04:43 AM
29.038,297.97,6.5124,0.0016743,100,9.1721,63.765,0.9,-4000,12.436,80,23,75,79841,1.0675,72402,192,150,04/01/2025 06:04:44 AM
30.298,297.96,6.5077,0.0021037,100,64.225,10.386,0.9,0,12.457,80,23,65,83832,1.135,75827,204,250,04/01/2025 06:04:45 AM
31.027,298.0,6.498,0.0018603,100,9.8801,67.314,0.9,0,12.597,80,23,65,80509,1.0478,72953,216,250,04/01/2025 06:04:46 AM
0.001,298.03,6.6344,1.2317,100,8.3459,87.339,0.6,0,14.652,8,22,30,61267,-0.061118,58307,1,0,04/01/2025 06:04:47 AM
0.00096832,298.24,6.4872,0.99238,100,0.0001,273.42,0.6,0,11.924,15,30,42,61772,0.92538,58489,12,0,04/01/2025 06:04:48 AM
0.00091204,298.02,6.4482,0.016207,100,0.0001,332.31,0.7,0,9.4855,150,35,55,64373,1.7806,60417,24,0,04/01/2025 06:04:49 AM
1.4764,297.96,6.5051,0.0024544,100,0.0001,105.04,0.9,0,12.463,43,35,55,65589,1.0637,61126,36,0,04/01/2025 06:04:50 AM
3.6602,297.97,6.4922,0.0023251,100,0.0001,137.65,1.1,0,12.756,57,35,60,67265,1.2635,62237,48,0,04/01/2025 06:04:51 AM
6.0377,297.99,6.5047,0.0020111,100,0.0001,18.922,1.1,0,14.19,72,34,60,74396,1.2306,68739,60,500,04/01/2025 06:04:52 AM
8.3454,298.0,6.505,0.0017759,100,0.0001,1.196,1.1,0,15.098,84,31,60,82468,1.5153,76177,72,500,04/01/2025 06:04:53 AM
10.821,297.96,6.4891,0.0014095,100,0.0001,81.103,1.1,0,14.188,90,23,60,87259,1.956,80290,84,100,04/01/2025 06:04:54 AM
13.366,297.99,6.4979,0.00129,100,0.0001,57.531,1.1,0,14.005,90,23,75,90543,1.8739,82948,96,100,04/01/2025 06:04:55 AM
15.702,297.99,6.5118,0.0012474,100,0.0001,32.13,1.0,0,12.755,90,23,75,85901,1.5476,78653,108,100,04/01/2025 06:04:56 AM
17.793,297.96,6.5095,0.00091323,100,10.529,0.0001,1.0,0,12.509,90,23,75,89368,1.6547,81520,120,100,04/01/2025 06:04:57 AM
19.791,297.93,6.4833,0.00089474,100,0.14247,0.0001,1.0,-4000,11.936,90,23,75,84659,1.7541,77218,132,100,04/01/2025 06:04:58 AM
21.447,297.98,6.5148,0.0007166,100,8.3641,52.214,1.0,0,12.128,90,23,75,88122,1.6575,80107,144,100,04/01/2025 06:04:59 AM
22.797,297.92,6.5128,0.00054815,100,0.8274,34.647,0.9,0,10.829,90,23,75,82664,1.5584,75116,156,0,04/01/2025 06:05:00 AM
23.717,298.03,6.5051,0.00081302,100,12.276,84.559,0.9,0,12.756,80,23,75,87963,1.1515,79873,168,400,04/01/2025 06:05:01 AM
24.928,298.07,6.5217,0.0013151,100,95.881,10.921,0.9,0,11.862,80,23,75,84034,1.2852,76466,180,150,04/01/2025 06:05:02 AM
26.268,297.99,6.4808,0.0013594,100,58.234,10.206,0.9,-4000,11.893,80,23,75,79559,1.1174,72514,192,150,04/01/2025 06:05:03 AM
27.307,297.98,6.4925,0.0016604,100,9.4353,61.107,0.9,0,12.119,80,23,65,83622,1.1095,76079,204,250,04/01/2025 06:05:04 AM
28.088,297.9,6.5126,0.0017589,100,1.1568,48.589,0.9,0,12.334,80,23,65,80377,0.98813,73318,216,250,04/01/2025 06:05:05 AM
28.467,297.94,6.4948,0.001609,100,62.356,9.4118,0.9,0,12.601,80,23,65,85071,1.0916,77480,228,250,04/01/2025 06:05:06 AM
28.523,297.87,6.4955,0.0015985,100,7.0401,29.788,0.9,0,12.633,80,23,65,85851,1.1056,78172,230,250,04/01/2025 06:05:07 AM
0.001,297.98,6.5355,1.3776,100,6.5127,63.385,0.6,0,14.665,8,22,30,61734,-0.11041,58687,1,0,04/01/2025 06:05:08 AM
0.00096997,298.14,6.4988,2.5405,100,0.0001,149.43,0.6,0,11.911,15,30,42,62200,0.63411,58824,12,0,04/01/2025 06:05:09 AM
0.00090847,298.11,6.3923,0.020951,100,0.0001,409.38,0.7,0,6.7923,150,35,55,65219,2.0823,61106,24,0,04/01/2025 06:05:10 AM
1.3342,298.42,6.5093,0.0027947,100,14.168,231.29,0.9,0,10.346,43,35,55,66627,1.2692,61975,36,0,04/01/2025 06:05:11 AM
3.5689,297.99,6.4999,0.0023464,100,0.0001,196.61,1.1,0,10.113,57,35,60,68119,1.5039,62865,48,0,04/01/2025 06:05:12 AM
6.0115,297.99,6.5002,0.0021692,100,0.0001,57.507,1.1,0,12.195,72,34,60,75045,1.2999,69155,60,500,04/01/2025 06:05:13 AM
8.4289,298.01,6.5039,0.0017437,100,0.0001,25.026,1.1,0,13.562,84,31,60,83113,1.4237,76548,72,500,04/01/2025 06:05:14 AM
10.995,297.96,6.4864,0.0012048,100,0.0001,63.041,1.1,0,12.363,90,23,60,87858,1.8823,80591,84,100,04/01/2025 06:05:15 AM
13.305,297.99,6.503,0.00089283,100,0.0001,21.437,1.1,0,12.302,90,23,75,91159,1.7568,83282,96,100,04/01/2025 06:05:16 AM
15.873,297.98,6.5062,0.0012288,100,0.0001,45.569,1.0,0,10.324,90,23,75,86331,1.6223,78793,108,100,04/01/2025 06:05:17 AM
18.579,298.02,6.4986,0.0011012,100,0.0001,32.138,1.0,0,9.6603,90,23,75,89537,1.7725,81353,120,100,04/01/2025 06:05:18 AM
21.022,297.98,6.5353,0.0010451,100,0.0001,1.582,1.0,-4000,9.085,90,23,75,84600,1.8394,76797,132,100,04/01/2025 06:05:19 AM
